n_seeds,scen_mean,scen_std,scen_p10,scen_p50,scen_p90,base_mean,base_std,delta_mean_pct,delta_std_pct,delta_p10_pct,delta_p50_pct,delta_p90_pct,mineral,window_start,window_len
20,18176.519074093045,1233.6180922277836,16699.19447641403,18264.03645435838,19690.81141783415,14382.837240264873,728.3514709893944,26.389792625915856,5.947191530856728,19.929574222412988,24.915784558397036,34.20599154256693,lithium,624,52
