n_seeds,scen_mean,scen_std,scen_p10,scen_p50,scen_p90,base_mean,base_std,delta_mean_pct,delta_std_pct,delta_p10_pct,delta_p50_pct,delta_p90_pct,mineral,window_start,window_len
20,46676491.693681054,124810.08855912487,46438688.407896616,46736294.324191235,46736359.498341754,46549954.706087455,353678.63695012673,0.276842726688862,0.7415711438431061,0.0,0.0,0.9678033163966951,platinum,624,52
