n_seeds,scen_mean,scen_std,scen_p10,scen_p50,scen_p90,base_mean,base_std,delta_mean_pct,delta_std_pct,delta_p10_pct,delta_p50_pct,delta_p90_pct,mineral,window_start,window_len
20,38227411.93723312,714995.8197329976,37490162.02527085,38129382.399461046,39300075.045795985,38413071.4191472,1027353.1817967907,-0.41702603095473767,3.177878025270777,-4.82772528552537,0.4892676962486612,2.8840012799776313,platinum,624,52
