n_seeds,scen_mean,scen_std,scen_p10,scen_p50,scen_p90,base_mean,base_std,delta_mean_pct,delta_std_pct,delta_p10_pct,delta_p50_pct,delta_p90_pct,mineral,window_start,window_len
20,38464163.714929655,1025088.2668481127,37425595.98534073,38244187.95774384,39765418.918088615,38748485.87969599,1074722.9122652954,-0.6810405137917818,3.266861050148721,-4.272811957066917,-1.4235872912161542,3.1170703879843145,platinum,624,24
