n_seeds,scen_mean,scen_std,scen_p10,scen_p50,scen_p90,base_mean,base_std,delta_mean_pct,delta_std_pct,delta_p10_pct,delta_p50_pct,delta_p90_pct,mineral,window_start,window_len
20,46554600.18751395,307275.31647091225,46036937.24118233,46736188.32215612,46736359.49834177,46508294.30087141,486892.144298408,0.10918244220113311,1.1704233273393154,-0.6184321085107527,0.0,0.2297535914529939,platinum,624,24
