n_seeds,scen_mean,scen_std,scen_p10,scen_p50,scen_p90,mineral,window_start,window_len
20,14244.983635795197,120.71052106016519,14114.087510821191,14214.621908552434,14395.491828702116,lithium,0,1352
20,11254.25793764216,81.6409466041339,11157.882590113484,11243.529673306592,11344.549687386565,nickel,0,1352
20,39354048.52886542,159450.10934968304,39200577.55508722,39318648.39587374,39584080.11001966,platinum,0,1352
