n_seeds,scen_mean,scen_std,scen_p10,scen_p50,scen_p90,mineral,window_start,window_len
20,14327.742156955996,114.45739001200558,14183.959266830809,14306.627213657412,14494.316325813836,lithium,0,1352
20,11255.802608715088,77.55649678126993,11180.616281536946,11256.987115673988,11351.505184342188,nickel,0,1352
20,39298151.91197903,216962.00217096278,39088269.646932155,39257801.39435832,39600804.28404711,platinum,0,1352
