n_seeds,scen_mean,scen_std,scen_p10,scen_p50,scen_p90,base_mean,base_std,delta_mean_pct,delta_std_pct,delta_p10_pct,delta_p50_pct,delta_p90_pct,mineral,window_start,window_len
20,14464.790192559352,1545.1042743351795,13212.594661314328,14095.344897407951,16172.068535172759,14537.217857273947,1658.2544190817514,-0.22882578829886285,6.570975631615841,-7.000695209469308,-1.2964421311812706,4.727413492001765,lithium,624,24
