n_seeds,scen_mean,scen_std,scen_p10,scen_p50,scen_p90,base_mean,base_std,delta_mean_pct,delta_std_pct,delta_p10_pct,delta_p50_pct,delta_p90_pct,mineral,window_start,window_len
20,14770.855651199798,1630.05773358817,13186.486775239937,14734.638410612242,16664.727391564127,14537.217857273947,1658.2544190817514,1.9483402535605254,8.218063288856442,-5.764055646279665,1.0317286057517154,11.126382262085194,lithium,624,24
