{
  "mineral": "lithium",
  "alpha": 0.1,
  "n_rows": 2000,
  "seed": 0,
  "feature_dim": 95,
  "target_metrics": {
    "mean_price_in_window": {
      "target": "mean_price_in_window",
      "alpha": 0.1,
      "n_train": 1400,
      "n_val": 200,
      "n_cal": 200,
      "n_test": 200,
      "conformal_offset": 872.00689605598,
      "raw_coverage": 0.65,
      "conformal_coverage": 0.885,
      "mean_width_raw": 4030.727255408444,
      "mean_width_conformal": 5774.741047520405,
      "median_rmse": 1003.9452247470181,
      "median_mae": 758.0733688015955,
      "width_to_range_ratio": 0.3062956922264087
    },
    "peak_price": {
      "target": "peak_price",
      "alpha": 0.1,
      "n_train": 1400,
      "n_val": 200,
      "n_cal": 200,
      "n_test": 200,
      "conformal_offset": 893.273648099455,
      "raw_coverage": 0.7,
      "conformal_coverage": 0.875,
      "mean_width_raw": 5739.643121584195,
      "mean_width_conformal": 7526.190417783103,
      "median_rmse": 1339.5173941730882,
      "median_mae": 1005.8116160560442,
      "width_to_range_ratio": 0.34104497128109523
    },
    "unfulfilled_fraction_in_window": {
      "target": "unfulfilled_fraction_in_window",
      "alpha": 0.1,
      "n_train": 1400,
      "n_val": 200,
      "n_cal": 200,
      "n_test": 200,
      "conformal_offset": 0.012025867874141257,
      "raw_coverage": 0.7,
      "conformal_coverage": 0.895,
      "mean_width_raw": 0.07141613059838703,
      "mean_width_conformal": 0.09546786634666954,
      "median_rmse": 0.022055217029193868,
      "median_mae": 0.016642637984427996,
      "width_to_range_ratio": 0.37257209501647437
    },
    "recovered": {
      "target": "recovered",
      "alpha": 0.1,
      "n_train": 1400,
      "n_val": 200,
      "n_cal": 200,
      "n_test": 200,
      "conformal_offset": 0.059873861443348234,
      "raw_coverage": 0.89,
      "conformal_coverage": 0.94,
      "mean_width_raw": 0.4574936012329781,
      "mean_width_conformal": 0.5772413241196747,
      "median_rmse": 0.14963653272631727,
      "median_mae": 0.0974295813381005,
      "width_to_range_ratio": 0.5772413241196747
    },
    "recovery_time_if_recovered": {
      "target": "recovery_time_if_recovered",
      "alpha": 0.1,
      "n_train": 1341,
      "n_val": 194,
      "n_cal": 194,
      "n_test": 196,
      "conformal_offset": 2.774428567775454,
      "raw_coverage": 0.8418367346938775,
      "conformal_coverage": 0.8979591836734694,
      "mean_width_raw": 122.61255702067749,
      "mean_width_conformal": 128.1614141562284,
      "median_rmse": 52.56800376276588,
      "median_mae": 30.699456014963225,
      "width_to_range_ratio": 0.3154095429394174
    }
  }
}