{
  "mineral": "lithium",
  "n_rows": 2000,
  "ensemble": true,
  "seeds_per_scenario": 20,
  "train_test_split_seed": 0,
  "feature_dim": 95,
  "target_metrics": {
    "mean_price_in_window": {
      "mean": {
        "rmse": 985.6391909836442,
        "mae": 748.522540008903,
        "mape": 5.682074450813442,
        "r2": 0.9467844167798029,
        "n_train": 1600,
        "n_val": 200,
        "n_test": 200,
        "best_iteration": 307
      },
      "std": {
        "rmse": 222.5194015377596,
        "mae": 163.0166478872383,
        "mape": 27.63755961173312,
        "r2": 0.7249611947431349,
        "n_train": 1600,
        "n_val": 200,
        "n_test": 200,
        "best_iteration": 110
      }
    },
    "peak_price": {
      "mean": {
        "rmse": 1171.3088394809415,
        "mae": 902.2989325776987,
        "mape": 5.409084463761703,
        "r2": 0.9597167751122102,
        "n_train": 1600,
        "n_val": 200,
        "n_test": 200,
        "best_iteration": 573
      },
      "std": {
        "rmse": 403.1008660139293,
        "mae": 325.7978613551777,
        "mape": 22.65160072334624,
        "r2": 0.6729367495188163,
        "n_train": 1600,
        "n_val": 200,
        "n_test": 200,
        "best_iteration": 144
      }
    },
    "unfulfilled_fraction_in_window": {
      "mean": {
        "rmse": 0.020517367137195368,
        "mae": 0.015672203588169516,
        "mape": 17.621061554161574,
        "r2": 0.8667853904245649,
        "n_train": 1600,
        "n_val": 200,
        "n_test": 200,
        "best_iteration": 303
      },
      "std": {
        "rmse": 0.0122309104026474,
        "mae": 0.0077552042885440505,
        "mape": 28.751859393046026,
        "r2": 0.7793725113854243,
        "n_train": 1600,
        "n_val": 200,
        "n_test": 200,
        "best_iteration": 93
      }
    },
    "recovered": {
      "mean": {
        "rmse": 0.14198229406608595,
        "mae": 0.09219728108228686,
        "mape": 41.92373038676038,
        "r2": 0.8173720779975371,
        "n_train": 1600,
        "n_val": 200,
        "n_test": 200,
        "best_iteration": 243
      },
      "std": {
        "rmse": 0.1366849728762231,
        "mae": 0.10497563098153406,
        "mape": 34.09404809118238,
        "r2": 0.49659386318560095,
        "n_train": 1600,
        "n_val": 200,
        "n_test": 200,
        "best_iteration": 49
      }
    },
    "recovery_time_if_recovered": {
      "mean": {
        "rmse": 59.07641333816061,
        "mae": 33.985410773753934,
        "mape": 309.67850261116575,
        "r2": 0.20088074729895544,
        "n_train": 1535,
        "n_val": 194,
        "n_test": 196,
        "best_iteration": 79
      },
      "std": {
        "rmse": 41.418360815120316,
        "mae": 28.437946100554154,
        "mape": 192.32173031560856,
        "r2": 0.44929157950293397,
        "n_train": 1535,
        "n_val": 194,
        "n_test": 196,
        "best_iteration": 204
      }
    }
  }
}