{
  "mineral": "nickel",
  "alpha": 0.1,
  "n_rows": 2000,
  "seed": 0,
  "feature_dim": 105,
  "target_metrics": {
    "mean_price_in_window": {
      "target": "mean_price_in_window",
      "alpha": 0.1,
      "n_train": 1400,
      "n_val": 200,
      "n_cal": 200,
      "n_test": 200,
      "conformal_offset": 349.45059826585543,
      "raw_coverage": 0.705,
      "conformal_coverage": 0.85,
      "mean_width_raw": 5374.042134987253,
      "mean_width_conformal": 6072.9433315189635,
      "median_rmse": 965.0229328490484,
      "median_mae": 661.2160667462697,
      "width_to_range_ratio": 0.39307973511199146
    },
    "peak_price": {
      "target": "peak_price",
      "alpha": 0.1,
      "n_train": 1400,
      "n_val": 200,
      "n_cal": 200,
      "n_test": 200,
      "conformal_offset": 743.3174079521413,
      "raw_coverage": 0.65,
      "conformal_coverage": 0.875,
      "mean_width_raw": 5120.370899933842,
      "mean_width_conformal": 6607.005715838125,
      "median_rmse": 1300.036141515508,
      "median_mae": 956.2567020076286,
      "width_to_range_ratio": 0.3732053381443543
    },
    "unfulfilled_fraction_in_window": {
      "target": "unfulfilled_fraction_in_window",
      "alpha": 0.1,
      "n_train": 1400,
      "n_val": 200,
      "n_cal": 200,
      "n_test": 200,
      "conformal_offset": 0.009820763075221782,
      "raw_coverage": 0.73,
      "conformal_coverage": 0.89,
      "mean_width_raw": 0.1293355501725739,
      "mean_width_conformal": 0.14897707632301746,
      "median_rmse": 0.04733555545359914,
      "median_mae": 0.023902769931430347,
      "width_to_range_ratio": 0.22812129853741717
    },
    "recovered": {
      "target": "recovered",
      "alpha": 0.1,
      "n_train": 1400,
      "n_val": 200,
      "n_cal": 200,
      "n_test": 200,
      "conformal_offset": 0.03287260882384737,
      "raw_coverage": 0.845,
      "conformal_coverage": 0.91,
      "mean_width_raw": 0.7307830416021927,
      "mean_width_conformal": 0.7965282592498872,
      "median_rmse": 0.20201863395633726,
      "median_mae": 0.1356663410104276,
      "width_to_range_ratio": 0.7965282592498872
    },
    "recovery_time_if_recovered": {
      "target": "recovery_time_if_recovered",
      "alpha": 0.1,
      "n_train": 1277,
      "n_val": 183,
      "n_cal": 178,
      "n_test": 180,
      "conformal_offset": 14.064913966318498,
      "raw_coverage": 0.8055555555555556,
      "conformal_coverage": 0.8888888888888888,
      "mean_width_raw": 196.87369631217524,
      "mean_width_conformal": 225.00352424481224,
      "median_rmse": 89.16821504541602,
      "median_mae": 55.658532243322384,
      "width_to_range_ratio": 0.3686567969609295
    }
  }
}