{
  "mineral": "nickel",
  "n_rows": 2000,
  "ensemble": true,
  "seeds_per_scenario": 20,
  "train_test_split_seed": 0,
  "feature_dim": 105,
  "target_metrics": {
    "mean_price_in_window": {
      "mean": {
        "rmse": 944.6664243655715,
        "mae": 637.2257487952733,
        "mape": 5.798853526257636,
        "r2": 0.9376955930723305,
        "n_train": 1600,
        "n_val": 200,
        "n_test": 200,
        "best_iteration": 254
      },
      "std": {
        "rmse": 201.05523349128063,
        "mae": 137.67239268871577,
        "mape": 42.28056525308765,
        "r2": 0.6717204583283453,
        "n_train": 1600,
        "n_val": 200,
        "n_test": 200,
        "best_iteration": 106
      }
    },
    "peak_price": {
      "mean": {
        "rmse": 1091.3540050013967,
        "mae": 811.264481507141,
        "mape": 5.793587708655732,
        "r2": 0.9522009406903539,
        "n_train": 1600,
        "n_val": 200,
        "n_test": 200,
        "best_iteration": 176
      },
      "std": {
        "rmse": 583.3012418678834,
        "mae": 452.7633783313433,
        "mape": 66.37900638738735,
        "r2": 0.5033048083786558,
        "n_train": 1600,
        "n_val": 200,
        "n_test": 200,
        "best_iteration": 64
      }
    },
    "unfulfilled_fraction_in_window": {
      "mean": {
        "rmse": 0.04883432243775236,
        "mae": 0.02304196600005664,
        "mape": 27.510205495595986,
        "r2": 0.740717249874139,
        "n_train": 1600,
        "n_val": 200,
        "n_test": 200,
        "best_iteration": 258
      },
      "std": {
        "rmse": 0.012905106115338748,
        "mae": 0.008343465927704099,
        "mape": 46.7332180961217,
        "r2": 0.7382391335896306,
        "n_train": 1600,
        "n_val": 200,
        "n_test": 200,
        "best_iteration": 115
      }
    },
    "recovered": {
      "mean": {
        "rmse": 0.18211363640285927,
        "mae": 0.12258319136573065,
        "mape": 45.86282638028879,
        "r2": 0.7739791641928473,
        "n_train": 1600,
        "n_val": 200,
        "n_test": 200,
        "best_iteration": 155
      },
      "std": {
        "rmse": 0.15044430107866838,
        "mae": 0.12180589347677523,
        "mape": 33.78083330937287,
        "r2": 0.38399844819807016,
        "n_train": 1600,
        "n_val": 200,
        "n_test": 200,
        "best_iteration": 117
      }
    },
    "recovery_time_if_recovered": {
      "mean": {
        "rmse": 86.23349240821211,
        "mae": 52.86480395012747,
        "mape": 245.76872342721333,
        "r2": 0.4607926022968699,
        "n_train": 1455,
        "n_val": 183,
        "n_test": 180,
        "best_iteration": 130
      },
      "std": {
        "rmse": 57.29221812755148,
        "mae": 40.426691003120155,
        "mape": 203.5552858189855,
        "r2": 0.42580580566810067,
        "n_train": 1455,
        "n_val": 183,
        "n_test": 180,
        "best_iteration": 85
      }
    }
  }
}