{
  "mineral": "platinum",
  "n_rows": 2000,
  "ensemble": true,
  "seeds_per_scenario": 20,
  "train_test_split_seed": 0,
  "feature_dim": 75,
  "target_metrics": {
    "mean_price_in_window": {
      "mean": {
        "rmse": 1189323.053157365,
        "mae": 877133.8349712833,
        "mape": 2.192641506258936,
        "r2": 0.9002794044100885,
        "n_train": 1600,
        "n_val": 200,
        "n_test": 200,
        "best_iteration": 267
      },
      "std": {
        "rmse": 445373.0391032198,
        "mae": 271775.3427594172,
        "mape": 40.767529677280045,
        "r2": 0.5203093621615849,
        "n_train": 1600,
        "n_val": 200,
        "n_test": 200,
        "best_iteration": 89
      }
    },
    "peak_price": {
      "mean": {
        "rmse": 1086082.7212304054,
        "mae": 781713.6955728327,
        "mape": 1.8643404616435353,
        "r2": 0.9061943312399494,
        "n_train": 1600,
        "n_val": 200,
        "n_test": 200,
        "best_iteration": 160
      },
      "std": {
        "rmse": 510912.5147284308,
        "mae": 370965.0048539948,
        "mape": 41134468.19036883,
        "r2": 0.7468849160952962,
        "n_train": 1600,
        "n_val": 200,
        "n_test": 200,
        "best_iteration": 114
      }
    },
    "unfulfilled_fraction_in_window": {
      "mean": {
        "rmse": 0.020177623755346766,
        "mae": 0.014650715637652776,
        "mape": 3.8827252708637476,
        "r2": 0.9201407989419107,
        "n_train": 1600,
        "n_val": 200,
        "n_test": 200,
        "best_iteration": 221
      },
      "std": {
        "rmse": 0.009973546685954541,
        "mae": 0.006936791104986467,
        "mape": 26.95022946262923,
        "r2": 0.760505481320723,
        "n_train": 1600,
        "n_val": 200,
        "n_test": 200,
        "best_iteration": 84
      }
    },
    "recovered": {
      "mean": {
        "rmse": 0.17460100968263792,
        "mae": 0.10844580253609944,
        "mape": 39.9316207459297,
        "r2": 0.6961892006219712,
        "n_train": 1600,
        "n_val": 200,
        "n_test": 200,
        "best_iteration": 199
      },
      "std": {
        "rmse": 0.15344319203423337,
        "mae": 0.11976274143878665,
        "mape": 35.68218858456367,
        "r2": 0.35806167183522,
        "n_train": 1600,
        "n_val": 200,
        "n_test": 200,
        "best_iteration": 53
      }
    },
    "recovery_time_if_recovered": {
      "mean": {
        "rmse": 50.621890790814525,
        "mae": 32.78100782931466,
        "mape": 1131.7805006602791,
        "r2": 0.3820968018260964,
        "n_train": 1532,
        "n_val": 195,
        "n_test": 193,
        "best_iteration": 70
      },
      "std": {
        "rmse": 43.71103083777741,
        "mae": 32.32366688323652,
        "mape": 350.36066167813897,
        "r2": 0.33513854555680855,
        "n_train": 1532,
        "n_val": 195,
        "n_test": 193,
        "best_iteration": 70
      }
    }
  }
}