{
  "mineral": "platinum",
  "n_rows": 1989,
  "ensemble": true,
  "seeds_per_scenario": 20,
  "train_test_split_seed": 0,
  "feature_dim": 75,
  "target_metrics": {
    "mean_price_in_window": {
      "mean": {
        "rmse": 1294483.6114027703,
        "mae": 915459.426218723,
        "mape": 2.357359529478216,
        "r2": 0.8747862313913011,
        "n_train": 1591,
        "n_val": 199,
        "n_test": 199,
        "best_iteration": 234
      },
      "std": {
        "rmse": 410728.24485384277,
        "mae": 270692.68767507724,
        "mape": 46.97155611549041,
        "r2": 0.45330709812927983,
        "n_train": 1591,
        "n_val": 199,
        "n_test": 199,
        "best_iteration": 52
      }
    },
    "peak_price": {
      "mean": {
        "rmse": 1012297.5754852653,
        "mae": 694488.7265985226,
        "mape": 1.6541742437701314,
        "r2": 0.9200819724889479,
        "n_train": 1591,
        "n_val": 199,
        "n_test": 199,
        "best_iteration": 321
      },
      "std": {
        "rmse": 532266.2951278056,
        "mae": 373016.3076817829,
        "mape": 9656213.658383112,
        "r2": 0.7244355903394566,
        "n_train": 1591,
        "n_val": 199,
        "n_test": 199,
        "best_iteration": 146
      }
    },
    "unfulfilled_fraction_in_window": {
      "mean": {
        "rmse": 0.02446280749825019,
        "mae": 0.016167251428579527,
        "mape": 4.3554556279086265,
        "r2": 0.8735010829877146,
        "n_train": 1591,
        "n_val": 199,
        "n_test": 199,
        "best_iteration": 185
      },
      "std": {
        "rmse": 0.01065482294347225,
        "mae": 0.00752760590044483,
        "mape": 33.34096460794027,
        "r2": 0.7473308284378264,
        "n_train": 1591,
        "n_val": 199,
        "n_test": 199,
        "best_iteration": 214
      }
    },
    "recovered": {
      "mean": {
        "rmse": 0.18565405345556485,
        "mae": 0.11830651229244482,
        "mape": 48.47877136539479,
        "r2": 0.6354694426921558,
        "n_train": 1591,
        "n_val": 199,
        "n_test": 199,
        "best_iteration": 146
      },
      "std": {
        "rmse": 0.14801652676135568,
        "mae": 0.11859616489317445,
        "mape": 39.56696554288059,
        "r2": 0.4633845469124147,
        "n_train": 1591,
        "n_val": 199,
        "n_test": 199,
        "best_iteration": 42
      }
    },
    "recovery_time_if_recovered": {
      "mean": {
        "rmse": 57.094305045296714,
        "mae": 36.280674690558286,
        "mape": 793.5973491825779,
        "r2": 0.4327719775214738,
        "n_train": 1523,
        "n_val": 192,
        "n_test": 194,
        "best_iteration": 31
      },
      "std": {
        "rmse": 45.846066909251476,
        "mae": 32.93486518995225,
        "mape": 288.19157587262174,
        "r2": 0.40262285810817966,
        "n_train": 1523,
        "n_val": 192,
        "n_test": 194,
        "best_iteration": 60
      }
    }
  }
}