{
  "mineral": "platinum",
  "alpha": 0.1,
  "n_rows": 2000,
  "seed": 0,
  "feature_dim": 75,
  "target_metrics": {
    "mean_price_in_window": {
      "target": "mean_price_in_window",
      "alpha": 0.1,
      "n_train": 1400,
      "n_val": 200,
      "n_cal": 200,
      "n_test": 200,
      "conformal_offset": 909540.2966720497,
      "raw_coverage": 0.615,
      "conformal_coverage": 0.935,
      "mean_width_raw": 4126859.7505791364,
      "mean_width_conformal": 5945940.343923228,
      "median_rmse": 1172896.2781139656,
      "median_mae": 852864.8811254972,
      "width_to_range_ratio": 0.4602190825745675
    },
    "peak_price": {
      "target": "peak_price",
      "alpha": 0.1,
      "n_train": 1400,
      "n_val": 200,
      "n_cal": 200,
      "n_test": 200,
      "conformal_offset": 483541.63677552727,
      "raw_coverage": 0.765,
      "conformal_coverage": 0.905,
      "mean_width_raw": 5139958.794712299,
      "mean_width_conformal": 6107042.068263361,
      "median_rmse": 1025391.8074732536,
      "median_mae": 737596.2923434414,
      "width_to_range_ratio": 0.4877060951951786
    },
    "unfulfilled_fraction_in_window": {
      "target": "unfulfilled_fraction_in_window",
      "alpha": 0.1,
      "n_train": 1400,
      "n_val": 200,
      "n_cal": 200,
      "n_test": 200,
      "conformal_offset": 0.017122778549006665,
      "raw_coverage": 0.715,
      "conformal_coverage": 0.925,
      "mean_width_raw": 0.07884675279100369,
      "mean_width_conformal": 0.11309230988901704,
      "median_rmse": 0.021569838740531488,
      "median_mae": 0.015117988308058758,
      "width_to_range_ratio": 0.36917103704290527
    },
    "recovered": {
      "target": "recovered",
      "alpha": 0.1,
      "n_train": 1400,
      "n_val": 200,
      "n_cal": 200,
      "n_test": 200,
      "conformal_offset": 0.03597733880747798,
      "raw_coverage": 0.905,
      "conformal_coverage": 0.935,
      "mean_width_raw": 0.46647266475354376,
      "mean_width_conformal": 0.5384273423684998,
      "median_rmse": 0.3759654236711492,
      "median_mae": 0.20250000132247806,
      "width_to_range_ratio": 0.5384273423684998
    },
    "recovery_time_if_recovered": {
      "target": "recovery_time_if_recovered",
      "alpha": 0.1,
      "n_train": 1338,
      "n_val": 195,
      "n_cal": 194,
      "n_test": 193,
      "conformal_offset": 0.3206083976769175,
      "raw_coverage": 0.8756476683937824,
      "conformal_coverage": 0.917098445595855,
      "mean_width_raw": 108.38906381364895,
      "mean_width_conformal": 109.03028060900276,
      "median_rmse": 47.13062946220895,
      "median_mae": 29.492675593081476,
      "width_to_range_ratio": 0.29230638232976613
    }
  }
}