{
  "mineral": "platinum",
  "alpha": 0.1,
  "n_rows": 1989,
  "seed": 0,
  "feature_dim": 75,
  "target_metrics": {
    "mean_price_in_window": {
      "target": "mean_price_in_window",
      "alpha": 0.1,
      "n_train": 1392,
      "n_val": 199,
      "n_cal": 199,
      "n_test": 199,
      "conformal_offset": 920437.0180568505,
      "raw_coverage": 0.6381909547738693,
      "conformal_coverage": 0.9447236180904522,
      "mean_width_raw": 4254821.401116876,
      "mean_width_conformal": 6095695.43723057,
      "median_rmse": 1298669.8328809903,
      "median_mae": 930498.11962685,
      "width_to_range_ratio": 0.43753693425683193
    },
    "peak_price": {
      "target": "peak_price",
      "alpha": 0.1,
      "n_train": 1392,
      "n_val": 199,
      "n_cal": 199,
      "n_test": 199,
      "conformal_offset": 799043.0748839019,
      "raw_coverage": 0.7487437185929648,
      "conformal_coverage": 0.9447236180904522,
      "mean_width_raw": 5099485.551395378,
      "mean_width_conformal": 6697571.701163179,
      "median_rmse": 1197889.4633822485,
      "median_mae": 820947.552037936,
      "width_to_range_ratio": 0.5348655707873472
    },
    "unfulfilled_fraction_in_window": {
      "target": "unfulfilled_fraction_in_window",
      "alpha": 0.1,
      "n_train": 1392,
      "n_val": 199,
      "n_cal": 199,
      "n_test": 199,
      "conformal_offset": 0.013002337960822303,
      "raw_coverage": 0.7537688442211056,
      "conformal_coverage": 0.8944723618090452,
      "mean_width_raw": 0.08146983241681076,
      "mean_width_conformal": 0.10747450833845533,
      "median_rmse": 0.027482309735102097,
      "median_mae": 0.015912108628855445,
      "width_to_range_ratio": 0.31698179402055726
    },
    "recovered": {
      "target": "recovered",
      "alpha": 0.1,
      "n_train": 1392,
      "n_val": 199,
      "n_cal": 199,
      "n_test": 199,
      "conformal_offset": 0.03541019709393794,
      "raw_coverage": 0.8743718592964824,
      "conformal_coverage": 0.8994974874371859,
      "mean_width_raw": 0.4452347856919426,
      "mean_width_conformal": 0.5160551798798185,
      "median_rmse": 0.37409858100427684,
      "median_mae": 0.2130653276365606,
      "width_to_range_ratio": 0.5160551798798185
    },
    "recovery_time_if_recovered": {
      "target": "recovery_time_if_recovered",
      "alpha": 0.1,
      "n_train": 1335,
      "n_val": 192,
      "n_cal": 188,
      "n_test": 194,
      "conformal_offset": 0.18863403947511226,
      "raw_coverage": 0.8608247422680413,
      "conformal_coverage": 0.8814432989690721,
      "mean_width_raw": 103.82109413796117,
      "mean_width_conformal": 104.19836221691138,
      "median_rmse": 59.27043553775193,
      "median_mae": 34.042106023858544,
      "width_to_range_ratio": 0.28784077960472754
    }
  }
}