n_seeds,scen_mean,scen_std,scen_p10,scen_p50,scen_p90,base_mean,base_std,delta_mean_pct,delta_std_pct,delta_p10_pct,delta_p50_pct,delta_p90_pct,mineral,window_start,window_len
20,9388.581021282607,341.069557979902,9168.697188953889,9297.18136571685,9537.958027807961,8776.407178031757,125.32194814616241,6.996496972436963,4.217975456980718,4.163660327360152,6.252289992722701,9.117154055226663,nickel,624,24
