n_seeds,scen_mean,scen_std,scen_p10,scen_p50,scen_p90,base_mean,base_std,delta_mean_pct,delta_std_pct,delta_p10_pct,delta_p50_pct,delta_p90_pct,mineral,window_start,window_len
20,15001.293668911709,471.27516683955605,14429.651118198097,15000.690041768692,15686.091635763541,13314.780995152212,499.4490531528437,12.823760319008414,5.6399664105428755,5.841533989846789,13.040591672579525,19.709090888873007,nickel,416,104
