n_seeds,scen_mean,scen_std,scen_p10,scen_p50,scen_p90,base_mean,base_std,delta_mean_pct,delta_std_pct,delta_p10_pct,delta_p50_pct,delta_p90_pct,mineral,window_start,window_len
20,23258.93903204727,434.57447459673534,22808.992178268225,23201.115599820492,23760.971304468505,14788.694559856309,509.79481811400433,57.45607161492918,6.2491723139819735,50.00740777390018,58.293035482542265,65.40302823934707,lithium,572,104
