n_seeds,scen_mean,scen_std,scen_p10,scen_p50,scen_p90,base_mean,base_std,delta_mean_pct,delta_std_pct,delta_p10_pct,delta_p50_pct,delta_p90_pct,mineral,window_start,window_len
20,21547.891931332335,1315.445283689383,19512.33014359172,21940.357522793518,22894.650453881968,14382.837240264873,728.3514709893944,49.79493114513822,4.6870692021065175,43.804293569319796,50.498659751330294,54.843903997024796,lithium,624,52
