n_seeds,scen_mean,scen_std,scen_p10,scen_p50,scen_p90,base_mean,base_std,delta_mean_pct,delta_std_pct,delta_p10_pct,delta_p50_pct,delta_p90_pct,mineral,window_start,window_len
20,11203.260433156456,431.3610541006355,10746.831403851314,11164.75154953396,11712.274915033971,11315.694746634235,487.77504887149206,-0.8794987669059993,4.4736209560736535,-6.168713824356583,-0.2936711599209159,3.4377554794617415,lithium,832,78
20,8086.254166280455,680.2729555221924,7490.560495151432,7790.47859652045,9165.33748947036,7136.051140359064,558.8089542935502,13.80573387647767,11.550719747390758,6.472568419176622,11.918418556288096,30.693906376141666,nickel,832,78
20,35311291.514896005,447391.7111408146,34893803.074029446,35145773.89869696,36005001.96742122,35505249.633011095,545002.6934740152,-0.523761816067166,1.9951481783037184,-2.8116169575547643,-0.2411149871060837,1.9367932015193032,platinum,832,78
