n_seeds,scen_mean,scen_std,scen_p10,scen_p50,scen_p90,base_mean,base_std,delta_mean_pct,delta_std_pct,delta_p10_pct,delta_p50_pct,delta_p90_pct,mineral,window_start,window_len
20,11243.326636843103,559.2657475303924,10691.049952765115,11152.107422519735,12036.066366886156,11395.742418743725,516.0976940096019,-1.2178631090499423,5.393541314943522,-7.082349782963086,-1.8736274768686012,5.998350733819308,lithium,832,78
20,8022.0705584226,414.9093689565576,7580.9065973505985,8017.6697378754925,8542.10863623467,7145.600317152569,675.4754589547464,12.920174753944085,9.062997034074883,9.284512084013876,13.493344819095604,20.117931942284375,nickel,832,78
20,35414828.39228479,356286.86853841215,34973486.01850028,35350180.30040343,35874700.38255691,35507234.235324636,395920.69340037834,-0.2506528074948684,1.3346716900009412,-2.048147931478519,-0.39187463742073725,1.623487368152089,platinum,832,78
