n_seeds,scen_mean,scen_std,scen_p10,scen_p50,scen_p90,base_mean,base_std,delta_mean_pct,delta_std_pct,delta_p10_pct,delta_p50_pct,delta_p90_pct,mineral,window_start,window_len
20,17486.53707524025,1076.403826854063,15779.830812590413,17739.40205455108,18852.701964707743,14382.837240264873,728.3514709893944,21.664048433173317,6.391370905544389,13.486839445919482,23.342537244412593,29.116140812119713,lithium,624,52
