n_seeds,scen_mean,scen_std,scen_p10,scen_p50,scen_p90,base_mean,base_std,delta_mean_pct,delta_std_pct,delta_p10_pct,delta_p50_pct,delta_p90_pct,mineral,window_start,window_len
20,14611.489901524668,779.5477503283423,13912.16840726993,14556.184874579089,15473.08161136427,14264.456323320876,812.6769075194649,2.6173959439955343,5.944767830956743,-4.81778954170977,4.095110713350012,10.88668479221991,lithium,624,24
