n_seeds,scen_mean,scen_std,scen_p10,scen_p50,scen_p90,base_mean,base_std,delta_mean_pct,delta_std_pct,delta_p10_pct,delta_p50_pct,delta_p90_pct,mineral,window_start,window_len
20,24255.29868811941,695.9591266656093,23529.916365370984,24152.535242662932,25303.45604400829,20718.98415997738,817.1382745785186,17.22166008900976,5.264491325956881,11.33714547761348,16.251776147911514,23.581542640463223,lithium,312,52
20,17926.964459722352,695.0529994666575,17009.54242924921,18046.46333012369,18708.64789090359,16880.056814497577,787.0575238402357,6.3375990666452875,4.846662365702309,1.506856365761054,7.267191199412305,12.687133365922184,nickel,312,52
20,46671104.3036147,155173.13673188086,46571632.73521961,46734377.35050226,46735203.40236559,46613394.1299819,260352.2497353213,0.12630953952775806,0.5718663481749849,-0.029236969082615295,0.0,0.11754332767575891,platinum,312,52
