n_seeds,scen_mean,scen_std,scen_p10,scen_p50,scen_p90,base_mean,base_std,delta_mean_pct,delta_std_pct,delta_p10_pct,delta_p50_pct,delta_p90_pct,mineral,window_start,window_len
20,24255.29868811941,695.9591266656093,23529.916365370984,24152.535242662932,25303.45604400829,20718.98415997738,817.1382745785186,17.22166008900976,5.264491325956881,11.337145477613479,16.251776147911514,23.581542640463223,lithium,312,52
20,17926.964459722352,695.0529994666575,17009.54242924921,18046.46333012369,18708.64789090359,16880.056814497577,787.0575238402357,6.3375990666452875,4.846662365702309,1.5068563657610539,7.267191199412305,12.687133365922183,nickel,312,52
20,46522696.84151852,398951.8683415983,45969944.509616345,46733216.464253694,46734592.04951414,46595344.07537589,304707.88849155116,-0.15500988487266704,0.7022908401066982,-0.4675211731797999,0.0,0.17565973993751988,platinum,312,52
