n_seeds,scen_mean,scen_std,scen_p10,scen_p50,scen_p90,base_mean,base_std,delta_mean_pct,delta_std_pct,delta_p10_pct,delta_p50_pct,delta_p90_pct,mineral,window_start,window_len
20,46665198.549639806,168968.12515396325,46565099.88701551,46734296.23167889,46735171.03155884,46535486.18509454,425549.2066831469,0.2871723673675476,1.0361039356427664,-0.32367300272692934,0.0,2.175434259234955,platinum,312,52
