n_seeds,scen_mean,scen_std,scen_p10,scen_p50,scen_p90,base_mean,base_std,delta_mean_pct,delta_std_pct,delta_p10_pct,delta_p50_pct,delta_p90_pct,mineral,window_start,window_len
20,46544453.41787408,423376.65639975405,46049405.397048034,46733775.21108413,46734819.82028446,46595344.07537589,304707.88849155116,-0.10843328896940045,0.7488511122804885,-0.043334659569926624,0.0,0.18228703525623802,platinum,312,52
