n_seeds,scen_mean,scen_std,scen_p10,scen_p50,scen_p90,base_mean,base_std,delta_mean_pct,delta_std_pct,delta_p10_pct,delta_p50_pct,delta_p90_pct,mineral,window_start,window_len
20,22277.850742305145,383.65504316302975,21763.681208804144,22237.40623246703,22760.661700259563,12820.26870173638,336.73439225829264,73.85166384555404,4.197578885639952,69.01063405747159,72.97055108672315,80.75536126761438,lithium,624,260
