n_seeds,scen_mean,scen_std,scen_p10,scen_p50,scen_p90,base_mean,base_std,delta_mean_pct,delta_std_pct,delta_p10_pct,delta_p50_pct,delta_p90_pct,mineral,window_start,window_len
20,16542.674255615486,1031.4273656647024,14962.424599470569,16698.302449386814,17456.964520085363,14382.837240264873,728.3514709893944,15.104982766366243,6.395297887192903,8.344914572887772,13.320840007875855,23.620129090134874,lithium,624,52
